{
  "created_at": "2026-05-22T23:01:03",
  "image": "/home/sanchez/gs_playground/demo/fr5_demo/data/real_target_checks/target_check_20260522_230103_307210.png",
  "active_color": "red",
  "tape_plane_z_m": 0.05,
  "myd_part_target_world_m": [
    -0.38,
    -0.2225,
    0.05
  ],
  "myd_part_session_offset_m": [
    0.0,
    0.0,
    0.0
  ],
  "myd_part_config_offset_m": [
    0.05,
    -0.03,
    0.0
  ],
  "detections": {
    "red": {
      "center_px": [
        69.359,
        410.565
      ],
      "area_px": 969.0,
      "score": 969.0,
      "slot_name": "left_front",
      "bbox_xywh": [
        50,
        376,
        56,
        73
      ],
      "world_m": [
        -0.778365,
        0.048268,
        0.05
      ],
      "nearest_grasp_world_m": [
        -0.730956,
        0.045328,
        0.05
      ]
    },
    "white": {
      "center_px": [
        263.477,
        415.505
      ],
      "area_px": 2099.0,
      "score": 1751.2749911813457,
      "slot_name": "left_mid",
      "bbox_xywh": [
        244,
        370,
        42,
        86
      ],
      "world_m": [
        -0.77408,
        -0.200773,
        0.05
      ],
      "nearest_grasp_world_m": [
        -0.728102,
        -0.188847,
        0.05
      ]
    }
  }
}