{
  "type": "fr5_dynamic_eye_to_hand_samples",
  "created_at": "2026-05-13T23:14:27",
  "robot_ip": "192.168.58.2",
  "tracking_link": "wrist1_link",
  "dictionary": "DICT_4X4_50",
  "marker_id": 0,
  "marker_length_m": 0.08,
  "samples": [
    {
      "index": 0,
      "image": "sample_000.png",
      "timestamp": 1778685176.8671706,
      "target_joint_deg": [
        -0.32806697487831116,
        -63.09219741821289,
        82.27149963378906,
        46.281158447265625,
        88.7134017944336,
        0.0
      ],
      "actual_joint_deg": [
        -0.32828453183174133,
        -63.09219741821289,
        82.27127838134766,
        46.281158447265625,
        88.7134017944336,
        0.0
      ],
      "actual_joint_rad": [
        -0.005729645963832018,
        -1.1011665772660808,
        1.4359046875793475,
        0.8077585965419716,
        1.548340951957512,
        0.0
      ],
      "tracking_link": "wrist1_link",
      "marker_id": 0,
      "marker_length_m": 0.08,
      "detected": true,
      "marker_corners_px": [
        [
          131.4589385986328,
          19.716262817382812
        ],
        [
          216.37899780273438,
          18.277585983276367
        ],
        [
          225.53579711914062,
          104.33747100830078
        ],
        [
          144.68333435058594,
          106.01806640625
        ]
      ],
      "detection_error": null
    },
    {
      "index": 1,
      "image": "sample_001.png",
      "timestamp": 1778685182.309014,
      "target_joint_deg": [
        7.671933025121689,
        -63.09219741821289,
        82.27149963378906,
        46.281158447265625,
        88.7134017944336,
        0.0
      ],
      "actual_joint_deg": [
        7.648442268371582,
        -63.10111618041992,
        82.26301574707031,
        46.27963638305664,
        88.713623046875,
        0.00021755104535259306
      ],
      "actual_joint_rad": [
        0.13349050023178785,
        -1.1013222390317958,
        1.4357604774063197,
        0.8077320315100981,
        1.5483448135410927,
        3.7969820325582572e-06
      ],
      "tracking_link": "wrist1_link",
      "marker_id": 0,
      "marker_length_m": 0.08,
      "detected": true,
      "marker_corners_px": [
        [
          217.97601318359375,
          12.71850299835205
        ],
        [
          301.11083984375,
          4.9248738288879395
        ],
        [
          306.81744384765625,
          89.69823455810547
        ],
        [
          230.6041717529297,
          98.29890441894531
        ]
      ],
      "detection_error": null
    },
    {
      "index": 2,
      "image": "sample_002.png",
      "timestamp": 1778685192.7574713,
      "target_joint_deg": [
        -8.328066974878311,
        -63.09219741821289,
        82.27149963378906,
        46.281158447265625,
        88.7134017944336,
        0.0
      ],
      "actual_joint_deg": [
        -8.291958808898926,
        -63.09219741821289,
        82.27127838134766,
        46.281375885009766,
        88.713623046875,
        -0.00021755104535259306
      ],
      "actual_joint_rad": [
        -0.14472198265503353,
        -1.1011665772660808,
        1.4359046875793475,
        0.807762391546525,
        1.5483448135410927,
        -3.7969820325582572e-06
      ],
      "tracking_link": "wrist1_link",
      "marker_id": 0,
      "marker_length_m": 0.08,
      "detected": true,
      "marker_corners_px": [
        [
          42.73564910888672,
          20.66757583618164
        ],
        [
          124.21475982666016,
          23.677082061767578
        ],
        [
          135.71214294433594,
          110.6868896484375
        ],
        [
          56.4521369934082,
          106.90776062011719
        ]
      ],
      "detection_error": null
    },
    {
      "index": 3,
      "image": "sample_003.png",
      "timestamp": 1778685198.198383,
      "target_joint_deg": [
        -0.32806697487831116,
        -58.09219741821289,
        77.27149963378906,
        46.281158447265625,
        88.7134017944336,
        0.0
      ],
      "actual_joint_deg": [
        -0.42618250846862793,
        -58.15270233154297,
        77.33135223388672,
        46.280941009521484,
        88.7134017944336,
        -0.00021755104535259306
      ],
      "actual_joint_rad": [
        -0.007438287987186174,
        -1.014956124617608,
        1.3496867115007953,
        0.8077548015374182,
        1.548340951957512,
        -3.7969820325582572e-06
      ],
      "tracking_link": "wrist1_link",
      "marker_id": 0,
      "marker_length_m": 0.08,
      "detected": true,
      "marker_corners_px": [
        [
          121.74003601074219,
          53.71282958984375
        ],
        [
          208.27645874023438,
          52.6092529296875
        ],
        [
          217.82150268554688,
          137.78932189941406
        ],
        [
          134.68284606933594,
          139.07080078125
        ]
      ],
      "detection_error": null
    },
    {
      "index": 4,
      "image": "sample_004.png",
      "timestamp": 1778685205.7394369,
      "target_joint_deg": [
        -0.32806697487831116,
        -68.09219741821289,
        87.27149963378906,
        46.281158447265625,
        88.7134017944336,
        0.0
      ],
      "actual_joint_deg": [
        -0.32806697487831116,
        -68.09065246582031,
        87.27082061767578,
        46.280941009521484,
        88.713623046875,
        0.0
      ],
      "actual_joint_rad": [
        -0.005725848878684053,
        -1.18840607535976,
        1.5231631606957938,
        0.8077548015374182,
        1.5483448135410927,
        0.0
      ],
      "tracking_link": "wrist1_link",
      "marker_id": 0,
      "marker_length_m": 0.08,
      "detected": false,
      "marker_corners_px": null,
      "detection_error": "No ArUco marker detected in image"
    },
    {
      "index": 5,
      "image": "sample_005.png",
      "timestamp": 1778685212.180437,
      "target_joint_deg": [
        -0.32806697487831116,
        -63.09219741821289,
        82.27149963378906,
        56.281158447265625,
        88.7134017944336,
        0.0
      ],
      "actual_joint_deg": [
        -0.32784944772720337,
        -63.18552780151367,
        82.36483001708984,
        56.09053421020508,
        88.71318817138672,
        -0.00021755104535259306
      ],
      "actual_joint_rad": [
        -0.005722052313684739,
        -1.1027954997468277,
        1.4375374716436753,
        0.9789645011705959,
        1.5483372235319859,
        -3.7969820325582572e-06
      ],
      "tracking_link": "wrist1_link",
      "marker_id": 0,
      "marker_length_m": 0.08,
      "detected": true,
      "marker_corners_px": [
        [
          130.7662811279297,
          27.62904930114746
        ],
        [
          216.3179931640625,
          26.44472885131836
        ],
        [
          227.1916961669922,
          107.67044067382812
        ],
        [
          146.48045349121094,
          108.4538803100586
        ]
      ],
      "detection_error": null
    },
    {
      "index": 6,
      "image": "sample_006.png",
      "timestamp": 1778685225.1384788,
      "target_joint_deg": [
        -0.32806697487831116,
        -63.09219741821289,
        82.27149963378906,
        36.281158447265625,
        88.7134017944336,
        0.0
      ],
      "actual_joint_deg": [
        -0.32806697487831116,
        -63.09197998046875,
        82.27171325683594,
        36.464385986328125,
        88.7134017944336,
        -0.00021755104535259306
      ],
      "actual_joint_rad": [
        -0.005725848878684053,
        -1.1011627822615273,
        1.4359122775884543,
        0.6364235951795058,
        1.548340951957512,
        -3.7969820325582572e-06
      ],
      "tracking_link": "wrist1_link",
      "marker_id": 0,
      "marker_length_m": 0.08,
      "detected": true,